pageid,title,url,date,topics,sentences
355176,Susan G. Komen Foundation stops funding to Planned Parenthood,https://en.wikinews.org/wiki/Susan_G._Komen_Foundation_stops_funding_to_Planned_Parenthood,"Thursday, February 2, 2012",Health; Politics and conflicts,10
151802,Officials say at least seventeen killed by suspected US drones in Pakistan,https://en.wikinews.org/wiki/Officials_say_at_least_seventeen_killed_by_suspected_US_drones_in_Pakistan,"Tuesday, February 2, 2010",Politics and conflicts,6
8226,British National Fingerprint Database begins without parliamentary consultation,https://en.wikinews.org/wiki/British_National_Fingerprint_Database_begins_without_parliamentary_consultation,"Sunday, April 17, 2005",Politics and conflicts; Science and technology,28
27981,Electoral council sets new dates for elections in Haiti,https://en.wikinews.org/wiki/Electoral_council_sets_new_dates_for_elections_in_Haiti,"Friday, November 25, 2005",Politics and conflicts,10
126145,Moscow celebrates Victory Day with military parade,https://en.wikinews.org/wiki/Moscow_celebrates_Victory_Day_with_military_parade,"Monday, May 11, 2009",Politics and conflicts,16
144219,Kosovo: voters go to the polls for the first time since independence declared from Serbia,https://en.wikinews.org/wiki/Kosovo:_voters_go_to_the_polls_for_the_first_time_since_independence_declared_from_Serbia,"Sunday, November 15, 2009",Politics and conflicts,11
108739,Guatemalan minister killed in helicopter crash,https://en.wikinews.org/wiki/Guatemalan_minister_killed_in_helicopter_crash,"Saturday, June 28, 2008",Disasters and accidents; Politics and conflicts,8
142185,Afghanistan prepares for presidential runoff election,https://en.wikinews.org/wiki/Afghanistan_prepares_for_presidential_runoff_election,"Monday, October 26, 2009",Politics and conflicts,22
6021,Lebanon's opposition holds Syria responsible for Beirut explosion,https://en.wikinews.org/wiki/Lebanon%27s_opposition_holds_Syria_responsible_for_Beirut_explosion,"Sunday, March 20, 2005",Crime and law; Politics and conflicts,8
20301,UN Security Council considers Cote d'Ivoire sanctions,https://en.wikinews.org/wiki/UN_Security_Council_considers_Cote_d%27Ivoire_sanctions,"Thursday, September 1, 2005",Politics and conflicts,7
59226,Militant group 'protests' placards used in Armenian-Turkish journalist's funeral,https://en.wikinews.org/wiki/Militant_group_%27protests%27_placards_used_in_Armenian-Turkish_journalist%27s_funeral,"Thursday, January 25, 2007",Politics and conflicts,8
109128,Former science director sues Texas over intelligent design e-mail,https://en.wikinews.org/wiki/Former_science_director_sues_Texas_over_intelligent_design_e-mail,"Thursday, July 3, 2008",Politics and conflicts,6
58046,Nick Smith responds to claims he is New Zealand's worst behaved politician,https://en.wikinews.org/wiki/Nick_Smith_responds_to_claims_he_is_New_Zealand%27s_worst_behaved_politician,"Monday, January 8, 2007",Politics and conflicts,8
32638,Indigenous Brazilians asserting their land claims,https://en.wikinews.org/wiki/Indigenous_Brazilians_asserting_their_land_claims,"Saturday, February 4, 2006",Politics and conflicts,11
15328,"A timeline: Novak, Rove, Cooper","https://en.wikinews.org/wiki/A_timeline:_Novak,_Rove,_Cooper","Friday, July 15, 2005",Politics and conflicts,19
123713,Varun Gandhi charged for inciting community tensions,https://en.wikinews.org/wiki/Varun_Gandhi_charged_for_inciting_community_tensions,"Monday, March 30, 2009",Crime and law; Politics and conflicts,8
109383,Romanian foreign minister breaks the ice between Bucharest and Chisinau,https://en.wikinews.org/wiki/Romanian_foreign_minister_breaks_the_ice_between_Bucharest_and_Chisinau,"Tuesday, July 8, 2008",Politics and conflicts,12
103711,"Gen. Petraeus, Amb. Crocker testify before US Armed Services Committee","https://en.wikinews.org/wiki/Gen._Petraeus,_Amb._Crocker_testify_before_US_Armed_Services_Committee","Tuesday, April 8, 2008",Politics and conflicts,17
57917,Egypt announces Internet crime initiative,https://en.wikinews.org/wiki/Egypt_announces_Internet_crime_initiative,"Friday, January 5, 2007",Crime and law; Politics and conflicts,5
16192,U.S. House votes to renew expiring Patriot Act,https://en.wikinews.org/wiki/U.S._House_votes_to_renew_expiring_Patriot_Act,"Friday, July 22, 2005",Crime and law; Politics and conflicts,13
28687,Japanese whaling ship to dock in Hobart,https://en.wikinews.org/wiki/Japanese_whaling_ship_to_dock_in_Hobart,"Thursday, December 22, 2005",Politics and conflicts,10
180704,Voters turned away from polling stations in UK general elections,https://en.wikinews.org/wiki/Voters_turned_away_from_polling_stations_in_UK_general_elections,"Friday, May 7, 2010",Politics and conflicts,7
88704,Elections in Pakistan delayed until February 18,https://en.wikinews.org/wiki/Elections_in_Pakistan_delayed_until_February_18,"Wednesday, January 2, 2008",Politics and conflicts,21
59376,Thousands protest Iraq war in Washington D.C.,https://en.wikinews.org/wiki/Thousands_protest_Iraq_war_in_Washington_D.C.,"Saturday, January 27, 2007",Crime and law; Politics and conflicts,20
255174,Gbagbo forces reported to have gained ground in Ivorian city of Abidjan,https://en.wikinews.org/wiki/Gbagbo_forces_reported_to_have_gained_ground_in_Ivorian_city_of_Abidjan,"Saturday, April 9, 2011",Politics and conflicts,9
66445,"Vanstone quits Australian politics, to receive posting in Rome","https://en.wikinews.org/wiki/Vanstone_quits_Australian_politics,_to_receive_posting_in_Rome","Thursday, April 26, 2007",Politics and conflicts,22
8687,VoIP penetrates emergency calling infrastructure,https://en.wikinews.org/wiki/VoIP_penetrates_emergency_calling_infrastructure,"Saturday, April 23, 2005",Economy and business; Science and technology,8
16957,"Cambridge Silicon Radio, Ltd. acquires UbiNetics Holdings Limited","https://en.wikinews.org/wiki/Cambridge_Silicon_Radio,_Ltd._acquires_UbiNetics_Holdings_Limited","Thursday, July 28, 2005",Science and technology,3
30078,"""Hyperspace drive"" paper gains interest, AIAA award","https://en.wikinews.org/wiki/%22Hyperspace_drive%22_paper_gains_interest,_AIAA_award","Sunday, January 8, 2006",Science and technology,9
127213,British singer Susan Boyle admitted to hospital,https://en.wikinews.org/wiki/British_singer_Susan_Boyle_admitted_to_hospital,"Monday, June 1, 2009",Culture and entertainment; Science and technology,18
2907602,GitHub blocks public access to youtube-dl after RIAA issues DMCA notice,https://en.wikinews.org/wiki/GitHub_blocks_public_access_to_youtube-dl_after_RIAA_issues_DMCA_notice,"Monday, October 26, 2020",Politics and conflicts; Science and technology,66
87701,Israel Journal: Is Yossi Vardi a good father to his entrepreneurial children?,https://en.wikinews.org/wiki/Israel_Journal:_Is_Yossi_Vardi_a_good_father_to_his_entrepreneurial_children%3F,"Thursday, December 20, 2007",Science and technology,57
107891,"2008 Google Developer Day starts from Yokohama, Japan","https://en.wikinews.org/wiki/2008_Google_Developer_Day_starts_from_Yokohama,_Japan","Thursday, June 12, 2008",Science and technology,7
39206,Oil prices drive new investment in clean technology,https://en.wikinews.org/wiki/Oil_prices_drive_new_investment_in_clean_technology,"Monday, April 24, 2006",Economy and business; Environment; Science and technology,18
209282,NASA's new space capsule to be ready for test flights by 2013,https://en.wikinews.org/wiki/NASA%27s_new_space_capsule_to_be_ready_for_test_flights_by_2013,"Friday, October 1, 2010",Science and technology,13
2842158,NASA's InSight lander and MarCO craft launch in new mission to Mars,https://en.wikinews.org/wiki/NASA%27s_InSight_lander_and_MarCO_craft_launch_in_new_mission_to_Mars,"Monday, May 7, 2018",Science and technology,22
195107,Rosetta spacecraft passes Lutetia asteroid,https://en.wikinews.org/wiki/Rosetta_spacecraft_passes_Lutetia_asteroid,"Monday, July 12, 2010",Science and technology,17
99084,"Wikinews international report: ""Anonymous"" holds anti-Scientology protests worldwide",https://en.wikinews.org/wiki/Wikinews_international_report:_%22Anonymous%22_holds_anti-Scientology_protests_worldwide,"Sunday, February 10, 2008",Crime and law; Culture and entertainment; Science and technology,280
83378,ISIS says target of Israeli airstrike in Syria was a nuclear facility,https://en.wikinews.org/wiki/ISIS_says_target_of_Israeli_airstrike_in_Syria_was_a_nuclear_facility,"Friday, October 26, 2007",Economy and business; Politics and conflicts; Science and technology,13
42520,India to get $6 billion out of the Big Blue,https://en.wikinews.org/wiki/India_to_get_$6_billion_out_of_the_Big_Blue,"Tuesday, June 6, 2006",Economy and business; Science and technology,14
58207,Apple introduces iPhone and Apple TV,https://en.wikinews.org/wiki/Apple_introduces_iPhone_and_Apple_TV,"Wednesday, January 10, 2007",Economy and business; Science and technology,11
235489,'Brakes failed': fourteen killed in Guatemala bus crash,https://en.wikinews.org/wiki/%27Brakes_failed%27:_fourteen_killed_in_Guatemala_bus_crash,"Tuesday, January 11, 2011",Disasters and accidents; Science and technology,13
43389,"""Avast ye scurvy file sharers!"": Interview with Swedish Pirate Party leader Rickard Falkvinge",https://en.wikinews.org/wiki/%22Avast_ye_scurvy_file_sharers!%22:_Interview_with_Swedish_Pirate_Party_leader_Rickard_Falkvinge,"Tuesday, June 20, 2006",Politics and conflicts; Science and technology,122
245002,Air Canada back in the black in 2010,https://en.wikinews.org/wiki/Air_Canada_back_in_the_black_in_2010,"Saturday, February 12, 2011",Economy and business; Science and technology,8
119340,Parajet Skycar expedition takes off from London to Timbuktu,https://en.wikinews.org/wiki/Parajet_Skycar_expedition_takes_off_from_London_to_Timbuktu,"Tuesday, January 20, 2009",Culture and entertainment; Economy and business; Science and technology; Sports,43
80610,Wikinews interviews English mathematician Marcus du Sautoy,https://en.wikinews.org/wiki/Wikinews_interviews_English_mathematician_Marcus_du_Sautoy,"Monday, September 24, 2007",Science and technology,65
185454,US scientist creates 'artificial life',https://en.wikinews.org/wiki/US_scientist_creates_%27artificial_life%27,"Friday, May 21, 2010",Health; Science and technology,13
84877,Delaware scientists create shortest ever metal to metal bond,https://en.wikinews.org/wiki/Delaware_scientists_create_shortest_ever_metal_to_metal_bond,"Friday, November 9, 2007",Science and technology,11
784739,Wikinews interviews Dr. Robert Kelly and Dr. Jim Gill regarding joint scientific venture in North Korea,https://en.wikinews.org/wiki/Wikinews_interviews_Dr._Robert_Kelly_and_Dr._Jim_Gill_regarding_joint_scientific_venture_in_North_Korea,"Sunday, September 8, 2013",Politics and conflicts; Science and technology,43
22465,Google prepares to launch WiFi service,https://en.wikinews.org/wiki/Google_prepares_to_launch_WiFi_service,"Thursday, September 22, 2005",Economy and business; Science and technology,8
1053,New Beta Version of MSN Search Service from Microsoft released,https://en.wikinews.org/wiki/New_Beta_Version_of_MSN_Search_Service_from_Microsoft_released,"Thursday, November 11, 2004",Science and technology,4
2978113,"US government sues SpaceX, claims hiring discrimination against asylees","https://en.wikinews.org/wiki/US_government_sues_SpaceX,_claims_hiring_discrimination_against_asylees","Tuesday, August 29, 2023",Crime and law; Economy and business; Science and technology,5
130255,2009-10 A-League football: Central Coast Mariners defeat Melbourne Victory in opener,https://en.wikinews.org/wiki/2009-10_A-League_football:_Central_Coast_Mariners_defeat_Melbourne_Victory_in_opener,"Thursday, August 6, 2009",Sports,7
120593,North Queensland Fury sign former Liverpool great Fowler,https://en.wikinews.org/wiki/North_Queensland_Fury_sign_former_Liverpool_great_Fowler,"Wednesday, February 4, 2009",Sports,12
32144,Amélie Mauresmo wins Australian Open,https://en.wikinews.org/wiki/Am%C3%A9lie_Mauresmo_wins_Australian_Open,"Sunday, January 29, 2006",Sports,25
81788,2007/08 Bundesliga: Hertha Berlin vs. Energie Cottbus,https://en.wikinews.org/wiki/2007/08_Bundesliga:_Hertha_Berlin_vs._Energie_Cottbus,"Saturday, October 6, 2007",Sports,12
19895,Lance Armstrong disputes French doping results,https://en.wikinews.org/wiki/Lance_Armstrong_disputes_French_doping_results,"Saturday, August 27, 2005",Sports,55
79848,2007 Twenty20 World Championship: New Zealand vs Sri Lanka,https://en.wikinews.org/wiki/2007_Twenty20_World_Championship:_New_Zealand_vs_Sri_Lanka,"Saturday, September 15, 2007",Sports,14
81317,2007 Rugby World Cup: Argentina and France qualify for quarter finals,https://en.wikinews.org/wiki/2007_Rugby_World_Cup:_Argentina_and_France_qualify_for_quarter_finals,"Monday, October 1, 2007",Sports,16
30985,Rooney and Ferguson face inquiry over unsightly language,https://en.wikinews.org/wiki/Rooney_and_Ferguson_face_inquiry_over_unsightly_language,"Tuesday, January 17, 2006",Sports,10
103065,"National Hockey League news: March 29, 2008","https://en.wikinews.org/wiki/National_Hockey_League_news:_March_29,_2008","Saturday, March 29, 2008",Sports,56
404228,"Wikinews Shorts: April 2, 2012","https://en.wikinews.org/wiki/Wikinews_Shorts:_April_2,_2012","Monday, April 2, 2012",Sports,11
157789,USA upsets Canada in Olympic ice hockey,https://en.wikinews.org/wiki/USA_upsets_Canada_in_Olympic_ice_hockey,"Tuesday, February 23, 2010",Sports,44
2849021,Spanish football: Sevilla signs Aleix Vidal from FC Barcelona,https://en.wikinews.org/wiki/Spanish_football:_Sevilla_signs_Aleix_Vidal_from_FC_Barcelona,"Monday, August 6, 2018",Sports,9
398891,Australian field archers vie for spot at World Championships,https://en.wikinews.org/wiki/Australian_field_archers_vie_for_spot_at_World_Championships,"Tuesday, March 27, 2012",Sports,35
59655,India wins the cricket series against West Indies by 3-1,https://en.wikinews.org/wiki/India_wins_the_cricket_series_against_West_Indies_by_3-1,"Wednesday, January 31, 2007",Sports,12
2942121,Australian cricketer Shane Warne dies aged 52,https://en.wikinews.org/wiki/Australian_cricketer_Shane_Warne_dies_aged_52,"Monday, March 7, 2022",Sports,9
101300,"Obituaries: March 5-6, 2008","https://en.wikinews.org/wiki/Obituaries:_March_5-6,_2008","Thursday, March 6, 2008",Sports,7
38662,Australian cheerleaders told to cover up,https://en.wikinews.org/wiki/Australian_cheerleaders_told_to_cover_up,"Sunday, April 16, 2006",Sports,5
80298,2007 ICC World Twenty20: South Africa vs India,https://en.wikinews.org/wiki/2007_ICC_World_Twenty20:_South_Africa_vs_India,"Thursday, September 20, 2007",Sports,13
129737,Rugby Union: Ballymore Cup North Queensland carnival,https://en.wikinews.org/wiki/Rugby_Union:_Ballymore_Cup_North_Queensland_carnival,"Sunday, July 26, 2009",Sports,9
511196,Papua New Guinea represented by two Paralympians in London,https://en.wikinews.org/wiki/Papua_New_Guinea_represented_by_two_Paralympians_in_London,"Friday, August 24, 2012",Sports,7
72656,Cricket: 2007 Future Cup-1st ODI,https://en.wikinews.org/wiki/Cricket:_2007_Future_Cup-1st_ODI,"Tuesday, June 26, 2007",Sports,14
2803325,UEFA Champions League 2016-2017: Draw for Last 16 held at Nyon,https://en.wikinews.org/wiki/UEFA_Champions_League_2016-2017:_Draw_for_Last_16_held_at_Nyon,"Thursday, December 15, 2016",Sports,25
26635,Peter Forsberg scores two in win over the Boston Bruins,https://en.wikinews.org/wiki/Peter_Forsberg_scores_two_in_win_over_the_Boston_Bruins,"Friday, November 25, 2005",Sports,6
128362,Gisela Dulko knocks Maria Sharapova out of Wimbledon,https://en.wikinews.org/wiki/Gisela_Dulko_knocks_Maria_Sharapova_out_of_Wimbledon,"Thursday, June 25, 2009",Sports,9
1060954,Portuguese government declares three days of mourning for Eusébio,https://en.wikinews.org/wiki/Portuguese_government_declares_three_days_of_mourning_for_Eus%C3%A9bio,"Sunday, January 5, 2014",Sports,6
192845,Journalist accuses Algerian footballer of assault after World Cup exit,https://en.wikinews.org/wiki/Journalist_accuses_Algerian_footballer_of_assault_after_World_Cup_exit,"Friday, June 25, 2010",Crime and law; Sports,13
85988,"Andrea Muizelaar on fashion, anorexia, and life after 'Top Model'","https://en.wikinews.org/wiki/Andrea_Muizelaar_on_fashion,_anorexia,_and_life_after_%27Top_Model%27","Monday, November 26, 2007",Culture and entertainment,209
663513,"Super Bowl XLVII: Ravens defeat 49ers, 34-31","https://en.wikinews.org/wiki/Super_Bowl_XLVII:_Ravens_defeat_49ers,_34-31","Tuesday, February 5, 2013",Culture and entertainment; Sports,40
71359,"Wikinews attends appearance by Bob from Sesame Street, at Sesame Place","https://en.wikinews.org/wiki/Wikinews_attends_appearance_by_Bob_from_Sesame_Street,_at_Sesame_Place","Friday, June 8, 2007",Culture and entertainment,7
2806327,Black Sabbath ex-keyboardist Geoff Nicholls dies,https://en.wikinews.org/wiki/Black_Sabbath_ex-keyboardist_Geoff_Nicholls_dies,"Sunday, January 29, 2017",Culture and entertainment,21
62067,"Gormley's statue Another Place stays in Sefton, UK","https://en.wikinews.org/wiki/Gormley%27s_statue_Another_Place_stays_in_Sefton,_UK","Thursday, March 8, 2007",Culture and entertainment,11
54378,Ed Bradley of 60 Minutes dies at 65,https://en.wikinews.org/wiki/Ed_Bradley_of_60_Minutes_dies_at_65,"Thursday, November 9, 2006",Culture and entertainment,6
145828,Kaiane Aldorino wins Miss World competition,https://en.wikinews.org/wiki/Kaiane_Aldorino_wins_Miss_World_competition,"Monday, December 14, 2009",Culture and entertainment,8
3029103,Crowds gather for 35th Tompkins Square Halloween Dog Parade amid car incident,https://en.wikinews.org/wiki/Crowds_gather_for_35th_Tompkins_Square_Halloween_Dog_Parade_amid_car_incident,"Monday, October 20, 2025",Culture and entertainment,11
45054,Pink Floyd's Syd Barrett dies at age 60,https://en.wikinews.org/wiki/Pink_Floyd%27s_Syd_Barrett_dies_at_age_60,"Tuesday, July 11, 2006",Culture and entertainment,11
21560,US ABC network to offer more shows dubbed in Spanish,https://en.wikinews.org/wiki/US_ABC_network_to_offer_more_shows_dubbed_in_Spanish,"Friday, September 9, 2005",Culture and entertainment; Economy and business,11
250556,"Reggae singer Smiley Culture dies during police raid in Surrey, England","https://en.wikinews.org/wiki/Reggae_singer_Smiley_Culture_dies_during_police_raid_in_Surrey,_England","Tuesday, March 15, 2011",Crime and law; Culture and entertainment,10
84028,Thevar centenary celebrations begin amidst tight security arrangements,https://en.wikinews.org/wiki/Thevar_centenary_celebrations_begin_amidst_tight_security_arrangements,"Wednesday, October 31, 2007",Culture and entertainment,5
110764,"Play.com Live multimedia exposition hosted at Wembley Stadium, England","https://en.wikinews.org/wiki/Play.com_Live_multimedia_exposition_hosted_at_Wembley_Stadium,_England","Sunday, March 16, 2008",Culture and entertainment,14
57474,1 million people welcome 2007 in Sydney,https://en.wikinews.org/wiki/1_million_people_welcome_2007_in_Sydney,"Monday, January 1, 2007",Culture and entertainment,12
7216,Archbishop Desmond Tutu calls for African Pope,https://en.wikinews.org/wiki/Archbishop_Desmond_Tutu_calls_for_African_Pope,"Sunday, April 3, 2005",Culture and entertainment,11
80465,Actor George Clooney injured in motorcycle accident,https://en.wikinews.org/wiki/Actor_George_Clooney_injured_in_motorcycle_accident,"Saturday, September 22, 2007",Culture and entertainment; Disasters and accidents,6
52787,Argentinian woman sticks to slot machine after winning 35 million pesos,https://en.wikinews.org/wiki/Argentinian_woman_sticks_to_slot_machine_after_winning_35_million_pesos,"Wednesday, October 18, 2006",Culture and entertainment,6
112954,"'Invitational Games for the Deaf, Taipei 2008' comes to a close","https://en.wikinews.org/wiki/%27Invitational_Games_for_the_Deaf,_Taipei_2008%27_comes_to_a_close","Saturday, September 13, 2008",Culture and entertainment; Sports,13
112388,"Wikinews Shorts: September 1, 2008","https://en.wikinews.org/wiki/Wikinews_Shorts:_September_1,_2008","Monday, September 1, 2008",Culture and entertainment; Politics and conflicts,4
1038,World's most-spammed man,https://en.wikinews.org/wiki/World%27s_most-spammed_man,,Culture and entertainment,2
8973,"Dorothy's dress from Wizard of Oz sells for £140,000","https://en.wikinews.org/wiki/Dorothy%27s_dress_from_Wizard_of_Oz_sells_for_%C2%A3140,000","Wednesday, April 27, 2005",Culture and entertainment,11
10740,"Shared history textbook written by scholars from Japan, China, South Korea","https://en.wikinews.org/wiki/Shared_history_textbook_written_by_scholars_from_Japan,_China,_South_Korea","Saturday, May 28, 2005",Culture and entertainment; Politics and conflicts,0
84824,BBC Resources sale could be unprofitable,https://en.wikinews.org/wiki/BBC_Resources_sale_could_be_unprofitable,"Thursday, November 8, 2007",Culture and entertainment; Economy and business,16
37657,NZ Sky TV customers to get refund for satellite failure,https://en.wikinews.org/wiki/NZ_Sky_TV_customers_to_get_refund_for_satellite_failure,"Saturday, April 1, 2006",Culture and entertainment,8
80300,Type O Negative announce US tour details; Lordi supporting,https://en.wikinews.org/wiki/Type_O_Negative_announce_US_tour_details;_Lordi_supporting,"Thursday, September 20, 2007",Culture and entertainment,8
470056,US singer Will Loomis sues UK singer Jessie J over alleged copyright violation,https://en.wikinews.org/wiki/US_singer_Will_Loomis_sues_UK_singer_Jessie_J_over_alleged_copyright_violation,"Friday, June 29, 2012",Crime and law; Culture and entertainment,8
124154,Former Texas nurse charged with murder for allegedly injecting bleach into patients,https://en.wikinews.org/wiki/Former_Texas_nurse_charged_with_murder_for_allegedly_injecting_bleach_into_patients,"Thursday, April 2, 2009",Crime and law; Health,10
2948,First unvaccinated survivor of rabies discharged from hospital,https://en.wikinews.org/wiki/First_unvaccinated_survivor_of_rabies_discharged_from_hospital,"Saturday, January 8, 2005",Health,13
36361,Avian flu cause of Egyptian woman's death,https://en.wikinews.org/wiki/Avian_flu_cause_of_Egyptian_woman%27s_death,"Sunday, March 19, 2006",Health,7
40125,"Soft drink foes cheer victory, lament remaining junk foods in schools","https://en.wikinews.org/wiki/Soft_drink_foes_cheer_victory,_lament_remaining_junk_foods_in_schools","Monday, May 8, 2006",Health,36
98011,Indonesia reports 100th human death from bird flu,https://en.wikinews.org/wiki/Indonesia_reports_100th_human_death_from_bird_flu,"Tuesday, January 29, 2008",Health,7
71607,"With pressure from France, Chad and Sudan open door to possible troop deployment","https://en.wikinews.org/wiki/With_pressure_from_France,_Chad_and_Sudan_open_door_to_possible_troop_deployment","Tuesday, June 12, 2007",Health; Politics and conflicts,30
2930461,"Australia: Wikinews interviews Wayne Connop, independent candidate for Daly by-election","https://en.wikinews.org/wiki/Australia:_Wikinews_interviews_Wayne_Connop,_independent_candidate_for_Daly_by-election","Monday, September 6, 2021",Crime and law; Health; Politics and conflicts,37
15800,"Prayer does not help heart patients, study finds","https://en.wikinews.org/wiki/Prayer_does_not_help_heart_patients,_study_finds","Wednesday, July 20, 2005",Health,15
121431,Philippines is culling 6500 hogs after Reston ebolavirus outbreak,https://en.wikinews.org/wiki/Philippines_is_culling_6500_hogs_after_Reston_ebolavirus_outbreak,"Friday, March 6, 2009",Economy and business; Health,92
60754,Study finds pregnant women eating seafood helps child,https://en.wikinews.org/wiki/Study_finds_pregnant_women_eating_seafood_helps_child,"Friday, February 16, 2007",Health,6
202329,New Zealand scientist Graham Liggins dies aged 84,https://en.wikinews.org/wiki/New_Zealand_scientist_Graham_Liggins_dies_aged_84,"Wednesday, August 25, 2010",Health; Science and technology,18
45754,FDA officials question safety of antibiotic 'Ketek',https://en.wikinews.org/wiki/FDA_officials_question_safety_of_antibiotic_%27Ketek%27,"Thursday, July 20, 2006",Health,18
144044,Scientists find key human language gene,https://en.wikinews.org/wiki/Scientists_find_key_human_language_gene,"Thursday, November 12, 2009",Health; Science and technology,20
213432,Nevada Republican opposes Angle for US Senate over 'extreme' anti-abortion position,https://en.wikinews.org/wiki/Nevada_Republican_opposes_Angle_for_US_Senate_over_%27extreme%27_anti-abortion_position,"Friday, October 15, 2010",Crime and law; Health; Politics and conflicts,11
19748,Man allowed to keep deceased friend in warehouse freezer,https://en.wikinews.org/wiki/Man_allowed_to_keep_deceased_friend_in_warehouse_freezer,"Friday, August 26, 2005",Crime and law; Health,8
130604,"Wikinews Shorts: August 13, 2009","https://en.wikinews.org/wiki/Wikinews_Shorts:_August_13,_2009","Thursday, August 13, 2009",Crime and law; Culture and entertainment; Economy and business; Health,5
78909,Mosquitoes test positive for West Nile virus in Rhode Island,https://en.wikinews.org/wiki/Mosquitoes_test_positive_for_West_Nile_virus_in_Rhode_Island,"Wednesday, September 5, 2007",Health,3
147531,New Jersey to legalize medical marijuana,https://en.wikinews.org/wiki/New_Jersey_to_legalize_medical_marijuana,"Tuesday, January 12, 2010",Health,10
41281,Possible Anthrax scare in Norway,https://en.wikinews.org/wiki/Possible_Anthrax_scare_in_Norway,"Sunday, May 21, 2006",Health,6
380911,UNICEF: An increasing number of children are living in slums,https://en.wikinews.org/wiki/UNICEF:_An_increasing_number_of_children_are_living_in_slums,"Monday, March 5, 2012",Health,10
189817,Men isolated to mimic Mars flight,https://en.wikinews.org/wiki/Men_isolated_to_mimic_Mars_flight,"Monday, June 7, 2010",Health; Science and technology,20
122551,Obama calls food safety system a 'hazard to public health',https://en.wikinews.org/wiki/Obama_calls_food_safety_system_a_%27hazard_to_public_health%27,"Sunday, March 15, 2009",Health,7
978790,Investigation into Jimmy Savile abuse cases expands to nineteen more hospitals,https://en.wikinews.org/wiki/Investigation_into_Jimmy_Savile_abuse_cases_expands_to_nineteen_more_hospitals,"Sunday, December 1, 2013",Crime and law; Health,11
2930271,"Latrobe City, Australia records first COVID-19 case since January 12 with new Traralgon case","https://en.wikinews.org/wiki/Latrobe_City,_Australia_records_first_COVID-19_case_since_January_12_with_new_Traralgon_case","Saturday, September 4, 2021",Health; Politics and conflicts,23
102828,FDA warning on Honduran cantaloupes after salmonella outbreaks,https://en.wikinews.org/wiki/FDA_warning_on_Honduran_cantaloupes_after_salmonella_outbreaks,"Tuesday, March 25, 2008",Economy and business; Health,16
2791564,Two people killed in apparent murder-suicide at UCLA,https://en.wikinews.org/wiki/Two_people_killed_in_apparent_murder-suicide_at_UCLA,"Friday, June 3, 2016",Crime and law; Health,21
99469,Employment figures in Brazil up by 2.2% according to IBGE,https://en.wikinews.org/wiki/Employment_figures_in_Brazil_up_by_2.2%25_according_to_IBGE,"Thursday, February 14, 2008",Economy and business,6
21888,Lexmark releases printer with built-in CD burner,https://en.wikinews.org/wiki/Lexmark_releases_printer_with_built-in_CD_burner,"Wednesday, September 14, 2005",Economy and business; Science and technology,11
80308,Fears grow about U.S. dollar stability,https://en.wikinews.org/wiki/Fears_grow_about_U.S._dollar_stability,"Thursday, September 20, 2007",Economy and business,19
61603,Downtown Beirut businesses to sue government,https://en.wikinews.org/wiki/Downtown_Beirut_businesses_to_sue_government,"Friday, March 2, 2007",Economy and business,7
106653,Boeing pushes back 737 replacement development,https://en.wikinews.org/wiki/Boeing_pushes_back_737_replacement_development,"Saturday, May 24, 2008",Economy and business,15
16067,UK markets up despite London incident,https://en.wikinews.org/wiki/UK_markets_up_despite_London_incident,"Thursday, July 21, 2005",Economy and business,4
484557,UK border officers go on Olympic strike,https://en.wikinews.org/wiki/UK_border_officers_go_on_Olympic_strike,"Friday, July 20, 2012",Economy and business; Sports,8
28481,"Bank of Italy governor, Antonio Fazio, presents resignation today","https://en.wikinews.org/wiki/Bank_of_Italy_governor,_Antonio_Fazio,_presents_resignation_today","Monday, December 19, 2005",Economy and business,6
118612,Financial crisis strikes charity in Poland,https://en.wikinews.org/wiki/Financial_crisis_strikes_charity_in_Poland,"Thursday, December 25, 2008",Economy and business,5
81384,Nokia acquires Navteq,https://en.wikinews.org/wiki/Nokia_acquires_Navteq,"Monday, October 1, 2007",Economy and business,8
25922,"United Airlines to hire 2,000 flight attendants","https://en.wikinews.org/wiki/United_Airlines_to_hire_2,000_flight_attendants","Friday, November 11, 2005",Economy and business,7
17131,Australian Medical Association backs ethanol blended fuels,https://en.wikinews.org/wiki/Australian_Medical_Association_backs_ethanol_blended_fuels,"Friday, July 29, 2005",Economy and business; Environment; Health,5
1490033,Reserve Bank of India announces plan to list systemically important banks,https://en.wikinews.org/wiki/Reserve_Bank_of_India_announces_plan_to_list_systemically_important_banks,"Wednesday, July 23, 2014",Economy and business,9
328987,Nationalised bank Northern Rock sold to Virgin Money,https://en.wikinews.org/wiki/Nationalised_bank_Northern_Rock_sold_to_Virgin_Money,"Sunday, January 1, 2012",Economy and business,12
2944937,India enters second day of a two-day nationwide general strike,https://en.wikinews.org/wiki/India_enters_second_day_of_a_two-day_nationwide_general_strike,"Wednesday, March 30, 2022",Economy and business; Politics and conflicts,11
14530,Baugur Group withdraws from Somerfield bid,https://en.wikinews.org/wiki/Baugur_Group_withdraws_from_Somerfield_bid,"Saturday, July 9, 2005",Economy and business,6
117130,"Australian government introduces ""Fair Work"" to parliament",https://en.wikinews.org/wiki/Australian_government_introduces_%22Fair_Work%22_to_parliament,"Tuesday, November 25, 2008",Economy and business; Politics and conflicts,19
33645,Europe restricts poultry as bird flu spreads to eight European nations,https://en.wikinews.org/wiki/Europe_restricts_poultry_as_bird_flu_spreads_to_eight_European_nations,"Thursday, February 16, 2006",Economy and business; Health,17
2837244,"Maria Contreras-Sweet Group buys The Weinstein Company assets, saves it from bankruptcy","https://en.wikinews.org/wiki/Maria_Contreras-Sweet_Group_buys_The_Weinstein_Company_assets,_saves_it_from_bankruptcy","Sunday, March 4, 2018",Crime and law; Economy and business,16
55716,India's economy grows annual 9.2% in Q2,https://en.wikinews.org/wiki/India%27s_economy_grows_annual_9.2%25_in_Q2,"Thursday, November 30, 2006",Economy and business,8
69675,"An ""irresponsible"" strike",https://en.wikinews.org/wiki/An_%22irresponsible%22_strike,"Tuesday, May 22, 2007",Economy and business,10
16790,U.S. consumer confidence drops,https://en.wikinews.org/wiki/U.S._consumer_confidence_drops,"Tuesday, July 26, 2005",Economy and business,8
130647,Number of unemployed in the UK climbs to 2.4 million,https://en.wikinews.org/wiki/Number_of_unemployed_in_the_UK_climbs_to_2.4_million,"Thursday, August 13, 2009",Economy and business,8
180737,"Wikinews investigates: Advertisements disguised as news articles trick unknowing users out of money, credit card information","https://en.wikinews.org/wiki/Wikinews_investigates:_Advertisements_disguised_as_news_articles_trick_unknowing_users_out_of_money,_credit_card_information","Wednesday, May 19, 2010",Crime and law; Economy and business,54
34390,"Eva Hassett, VP of Savarino Construction Services Corp. answers questions on Buffalo, N.Y. hotel redesign","https://en.wikinews.org/wiki/Eva_Hassett,_VP_of_Savarino_Construction_Services_Corp._answers_questions_on_Buffalo,_N.Y._hotel_redesign","Monday, February 27, 2006",Economy and business,27
76850,Three men arrested under suspicion of organising dog fights in southern Finland,https://en.wikinews.org/wiki/Three_men_arrested_under_suspicion_of_organising_dog_fights_in_southern_Finland,"Wednesday, August 15, 2007",Crime and law; Culture and entertainment; Economy and business,10
4022,Law center helps defend open source,https://en.wikinews.org/wiki/Law_center_helps_defend_open_source,"Wednesday, February 2, 2005",Crime and law; Science and technology,15
119845,Republican leaders in US want more tax relief in economic stimulus,https://en.wikinews.org/wiki/Republican_leaders_in_US_want_more_tax_relief_in_economic_stimulus,"Monday, January 26, 2009",Crime and law; Economy and business; Politics and conflicts,32
206436,"Gunman shoots doctor, then kills mother and self at Maryland hospital","https://en.wikinews.org/wiki/Gunman_shoots_doctor,_then_kills_mother_and_self_at_Maryland_hospital","Thursday, September 16, 2010",Crime and law,18
66286,"Inmates take over Indiana prison, two employees injured","https://en.wikinews.org/wiki/Inmates_take_over_Indiana_prison,_two_employees_injured","Tuesday, April 24, 2007",Crime and law,18
140619,France considers chemically castrating sex offenders,https://en.wikinews.org/wiki/France_considers_chemically_castrating_sex_offenders,"Sunday, October 4, 2009",Crime and law,18
946117,George Zimmerman charged in case of alleged domestic abuse,https://en.wikinews.org/wiki/George_Zimmerman_charged_in_case_of_alleged_domestic_abuse,"Tuesday, November 19, 2013",Crime and law,17
54179,Bomb plotter gets life,https://en.wikinews.org/wiki/Bomb_plotter_gets_life,"Tuesday, November 7, 2006",Crime and law,5
154734,Three shot dead at University of Alabama in Huntsville,https://en.wikinews.org/wiki/Three_shot_dead_at_University_of_Alabama_in_Huntsville,"Friday, February 12, 2010",Crime and law,7
2800326,Failed UK suicide bomber Mohamed Saeed-Alim aka Nicky Reilly dies,https://en.wikinews.org/wiki/Failed_UK_suicide_bomber_Mohamed_Saeed-Alim_aka_Nicky_Reilly_dies,"Saturday, October 22, 2016",Crime and law; Health,20
120905,Canadian lawyer urges Prime Minister to repatriate Omar Khadr,https://en.wikinews.org/wiki/Canadian_lawyer_urges_Prime_Minister_to_repatriate_Omar_Khadr,"Thursday, February 12, 2009",Crime and law,13
104321,"Families evacuated in Bristol, United Kingdom not allowed to return to home","https://en.wikinews.org/wiki/Families_evacuated_in_Bristol,_United_Kingdom_not_allowed_to_return_to_home","Sunday, April 20, 2008",Crime and law,4
2695251,Saudi Arabia executes 47 people as 'terrorists',https://en.wikinews.org/wiki/Saudi_Arabia_executes_47_people_as_%27terrorists%27,"Saturday, January 2, 2016",Crime and law,11
106526,"Bomb explodes in Exeter, UK","https://en.wikinews.org/wiki/Bomb_explodes_in_Exeter,_UK","Friday, May 23, 2008",Crime and law,13
2798077,Karnataka closed for a day after Supreme Court's judgement for Kaveri water,https://en.wikinews.org/wiki/Karnataka_closed_for_a_day_after_Supreme_Court%27s_judgement_for_Kaveri_water,"Sunday, September 11, 2016",Crime and law,25
2915113,International Criminal Court rules its jurisdiction includes Palestine,https://en.wikinews.org/wiki/International_Criminal_Court_rules_its_jurisdiction_includes_Palestine,"Monday, February 8, 2021",Crime and law; Politics and conflicts,17
377175,"Three students killed in Ohio school shooting, others injured","https://en.wikinews.org/wiki/Three_students_killed_in_Ohio_school_shooting,_others_injured","Wednesday, February 29, 2012",Crime and law,11
27543,Virginia dangerous dog law bill ready for Assembly debate,https://en.wikinews.org/wiki/Virginia_dangerous_dog_law_bill_ready_for_Assembly_debate,"Friday, December 9, 2005",Crime and law,15
273623,Norway gunman defends actions as 'gruesome but necessary',https://en.wikinews.org/wiki/Norway_gunman_defends_actions_as_%27gruesome_but_necessary%27,"Sunday, July 24, 2011",Crime and law,7
1027102,Lostprophets singer Ian Watkins sentenced to 29 years in prison for attempting to rape baby,https://en.wikinews.org/wiki/Lostprophets_singer_Ian_Watkins_sentenced_to_29_years_in_prison_for_attempting_to_rape_baby,"Thursday, December 19, 2013",Crime and law,18
1813424,"Jordan ends eight-year stay on executions, hangs eleven","https://en.wikinews.org/wiki/Jordan_ends_eight-year_stay_on_executions,_hangs_eleven","Monday, December 22, 2014",Crime and law,11
10332,FCC requires VoIP providers to have 911 service,https://en.wikinews.org/wiki/FCC_requires_VoIP_providers_to_have_911_service,"Friday, May 20, 2005",Crime and law; Science and technology,19
86115,British teacher faces 40 lashes over teddy bear's name,https://en.wikinews.org/wiki/British_teacher_faces_40_lashes_over_teddy_bear%27s_name,"Wednesday, November 28, 2007",Crime and law; Politics and conflicts,35
39554,Taliban abducts Indian engineer,https://en.wikinews.org/wiki/Taliban_abducts_Indian_engineer,"Saturday, April 29, 2006",Crime and law,6
130996,Suspected hijackers of Arctic Sea detained by Russian Navy,https://en.wikinews.org/wiki/Suspected_hijackers_of_Arctic_Sea_detained_by_Russian_Navy,"Tuesday, August 18, 2009",Crime and law,7
215322,Students evacuated after police find suspected drug lab at Georgetown University,https://en.wikinews.org/wiki/Students_evacuated_after_police_find_suspected_drug_lab_at_Georgetown_University,"Sunday, October 24, 2010",Crime and law,7
109826,Teenager arrested after hijacking Japanese bus,https://en.wikinews.org/wiki/Teenager_arrested_after_hijacking_Japanese_bus,"Wednesday, July 16, 2008",Crime and law,8
2915751,"Magnitude 7.3 earthquake off Fukushima, Japan causes about 50 injuries","https://en.wikinews.org/wiki/Magnitude_7.3_earthquake_off_Fukushima,_Japan_causes_about_50_injuries","Sunday, February 14, 2021",Disasters and accidents,16
79163,Two confirmed dead after Typhoon Fitow strikes Japan,https://en.wikinews.org/wiki/Two_confirmed_dead_after_Typhoon_Fitow_strikes_Japan,"Saturday, September 8, 2007",Disasters and accidents,10
132006,Thousands displaced after heavy flooding in Burkina Faso,https://en.wikinews.org/wiki/Thousands_displaced_after_heavy_flooding_in_Burkina_Faso,"Friday, September 4, 2009",Disasters and accidents,8
4314,Kobe commemorates earthquake victims,https://en.wikinews.org/wiki/Kobe_commemorates_earthquake_victims,"Thursday, February 10, 2005",Disasters and accidents,36
60632,"Wikinews Shorts: February 13, 2007","https://en.wikinews.org/wiki/Wikinews_Shorts:_February_13,_2007","Tuesday, February 13, 2007",Crime and law; Disasters and accidents; Science and technology,4
97764,British Airways Flight 38 investigation focuses on fuel system,https://en.wikinews.org/wiki/British_Airways_Flight_38_investigation_focuses_on_fuel_system,"Saturday, January 26, 2008",Disasters and accidents,18
107903,"Residents evacuated after partial building collapse in Buffalo, New York","https://en.wikinews.org/wiki/Residents_evacuated_after_partial_building_collapse_in_Buffalo,_New_York","Thursday, June 12, 2008",Disasters and accidents,17
2877631,Dozens dead in California boat fire,https://en.wikinews.org/wiki/Dozens_dead_in_California_boat_fire,"Wednesday, September 4, 2019",Disasters and accidents,29
249746,"Special report on Japanese tsunami emergency in Pichilemu, Chile","https://en.wikinews.org/wiki/Special_report_on_Japanese_tsunami_emergency_in_Pichilemu,_Chile","Saturday, March 12, 2011",Disasters and accidents,24
149672,Iranian air politician blames pilot error for yesterday's jet crash,https://en.wikinews.org/wiki/Iranian_air_politician_blames_pilot_error_for_yesterday%27s_jet_crash,"Monday, January 25, 2010",Disasters and accidents,22
146033,Bombings in Iraq kill eight; many wounded,https://en.wikinews.org/wiki/Bombings_in_Iraq_kill_eight;_many_wounded,"Thursday, December 17, 2009",Disasters and accidents,11
125891,"Tropical storm hits Philippines, 45,000 people displaced","https://en.wikinews.org/wiki/Tropical_storm_hits_Philippines,_45,000_people_displaced","Sunday, May 3, 2009",Disasters and accidents,11
89161,Alaskan plane crash survivors say cargo door swung open,https://en.wikinews.org/wiki/Alaskan_plane_crash_survivors_say_cargo_door_swung_open,"Tuesday, January 8, 2008",Disasters and accidents,22
109408,Philippines ferry disaster: ship owner sues over toxic cargo; recovery deadline set & more,https://en.wikinews.org/wiki/Philippines_ferry_disaster:_ship_owner_sues_over_toxic_cargo;_recovery_deadline_set_%26_more,"Tuesday, July 8, 2008",Disasters and accidents,42
185594,New earthquake hits Chile,https://en.wikinews.org/wiki/New_earthquake_hits_Chile,"Friday, May 21, 2010",Disasters and accidents,11
197937,'Crown Fire' forces residents in Southern California to evacuate homes,https://en.wikinews.org/wiki/%27Crown_Fire%27_forces_residents_in_Southern_California_to_evacuate_homes,"Friday, July 30, 2010",Disasters and accidents; Environment,23
66030,Blue Angels navy plane crashes in South Carolina,https://en.wikinews.org/wiki/Blue_Angels_navy_plane_crashes_in_South_Carolina,"Saturday, April 21, 2007",Disasters and accidents,11
61878,Strong earthquake in Sumatra,https://en.wikinews.org/wiki/Strong_earthquake_in_Sumatra,"Tuesday, March 6, 2007",Disasters and accidents,5
2837589,"Winter storm fells US President George Washington's tree at Mount Vernon estate, Virginia","https://en.wikinews.org/wiki/Winter_storm_fells_US_President_George_Washington%27s_tree_at_Mount_Vernon_estate,_Virginia","Wednesday, March 7, 2018",Disasters and accidents,7
143159,Xinhua says ship carrying hazardous goods sank in China's Yangtze river,https://en.wikinews.org/wiki/Xinhua_says_ship_carrying_hazardous_goods_sank_in_China%27s_Yangtze_river,"Sunday, November 1, 2009",Disasters and accidents,6
146674,Twenty dead after double suicide bombing in Iraq,https://en.wikinews.org/wiki/Twenty_dead_after_double_suicide_bombing_in_Iraq,"Wednesday, December 30, 2009",Disasters and accidents,7
174420,30 people die in bombing in northwestern Pakistan,https://en.wikinews.org/wiki/30_people_die_in_bombing_in_northwestern_Pakistan,"Saturday, April 17, 2010",Disasters and accidents,13
68702,Two children witness woman being killed by a tiger,https://en.wikinews.org/wiki/Two_children_witness_woman_being_killed_by_a_tiger,"Saturday, May 12, 2007",Disasters and accidents,18
118850,"Wikinews Shorts: January 3, 2009","https://en.wikinews.org/wiki/Wikinews_Shorts:_January_3,_2009","Saturday, January 3, 2009",Disasters and accidents; Economy and business; Sports,3
61149,Major snowstorm causes 35-car pile-up in western U.S.,https://en.wikinews.org/wiki/Major_snowstorm_causes_35-car_pile-up_in_western_U.S.,"Saturday, February 24, 2007",Disasters and accidents,6
254118,"Man dies after being hit by wave in Blackpool, England","https://en.wikinews.org/wiki/Man_dies_after_being_hit_by_wave_in_Blackpool,_England","Sunday, April 3, 2011",Disasters and accidents,8
118144,"Zoo elephants live shorter lives than their wild counterparts, report warns","https://en.wikinews.org/wiki/Zoo_elephants_live_shorter_lives_than_their_wild_counterparts,_report_warns","Friday, December 12, 2008",Environment; Science and technology,10
6070,David Suzuki to Visit University of Toronto,https://en.wikinews.org/wiki/David_Suzuki_to_Visit_University_of_Toronto,"Tuesday, March 22, 2005",Environment,5
51736,Haze in South East Asia worsens,https://en.wikinews.org/wiki/Haze_in_South_East_Asia_worsens,"Friday, October 6, 2006",Environment,27
58564,New Zealand's threatened species list updated,https://en.wikinews.org/wiki/New_Zealand%27s_threatened_species_list_updated,"Tuesday, January 16, 2007",Environment,9
2909818,"Wikinews interviews Sandra Jephcott, Sustainable Australia candidate for 2020 Groom by-election","https://en.wikinews.org/wiki/Wikinews_interviews_Sandra_Jephcott,_Sustainable_Australia_candidate_for_2020_Groom_by-election","Friday, November 27, 2020",Crime and law; Environment; Politics and conflicts,45
114300,University of Calgary scientist Keith cracks carbon capture conundrum,https://en.wikinews.org/wiki/University_of_Calgary_scientist_Keith_cracks_carbon_capture_conundrum,"Thursday, October 2, 2008",Environment; Science and technology,10
130602,Government shuts off water to California farms in controversial effort to help threatened species,https://en.wikinews.org/wiki/Government_shuts_off_water_to_California_farms_in_controversial_effort_to_help_threatened_species,"Thursday, August 13, 2009",Environment,14
86806,US Senate Panel approves bill to reduce greenhouse gas emissions,https://en.wikinews.org/wiki/US_Senate_Panel_approves_bill_to_reduce_greenhouse_gas_emissions,"Thursday, December 6, 2007",Environment,16
5499,Ash and steam reported over Mount St. Helens,https://en.wikinews.org/wiki/Ash_and_steam_reported_over_Mount_St._Helens,"Tuesday, March 8, 2005",Environment,9
32462,Scientists shocked at Great Barrier Reef bleaching,https://en.wikinews.org/wiki/Scientists_shocked_at_Great_Barrier_Reef_bleaching,"Wednesday, February 1, 2006",Environment,16
2866865,US Department of Justice investigating Ford over emissions testing problems,https://en.wikinews.org/wiki/US_Department_of_Justice_investigating_Ford_over_emissions_testing_problems,"Sunday, April 28, 2019",Crime and law; Economy and business; Environment,10
27463,USA under pressure at climate talks,https://en.wikinews.org/wiki/USA_under_pressure_at_climate_talks,"Thursday, December 8, 2005",Environment; Politics and conflicts,6
692896,Wikinews interviews British scientist Dr Paul Dolman about proposal to cull deer population,https://en.wikinews.org/wiki/Wikinews_interviews_British_scientist_Dr_Paul_Dolman_about_proposal_to_cull_deer_population,"Friday, March 8, 2013",Environment,15
32356,Virginia takes action against Zebra Mussels in private pond,https://en.wikinews.org/wiki/Virginia_takes_action_against_Zebra_Mussels_in_private_pond,"Tuesday, January 31, 2006",Environment,14
29496,Error hits Greenpeace donations,https://en.wikinews.org/wiki/Error_hits_Greenpeace_donations,"Sunday, January 1, 2006",Economy and business; Environment,8
59508,"Series of earthquakes hit Indonesia, Turkey, and Norway","https://en.wikinews.org/wiki/Series_of_earthquakes_hit_Indonesia,_Turkey,_and_Norway","Monday, January 29, 2007",Disasters and accidents; Environment,6
1426107,Annual Japanese whaling campaign kills 30 minke whales,https://en.wikinews.org/wiki/Annual_Japanese_whaling_campaign_kills_30_minke_whales,"Sunday, June 15, 2014",Environment; Politics and conflicts,11
40253,Buncefield oil depot tank 'was overflowing',https://en.wikinews.org/wiki/Buncefield_oil_depot_tank_%27was_overflowing%27,"Tuesday, May 9, 2006",Disasters and accidents; Environment,16
43259,Bush proclaims Northwestern Hawaiian Islands a National Monument,https://en.wikinews.org/wiki/Bush_proclaims_Northwestern_Hawaiian_Islands_a_National_Monument,"Friday, June 16, 2006",Environment,15
38787,Greenpeace report says Chernobyl death toll has been underestimated,https://en.wikinews.org/wiki/Greenpeace_report_says_Chernobyl_death_toll_has_been_underestimated,"Tuesday, April 18, 2006",Disasters and accidents; Environment,10
2941871,Entomological Society of America renames invasive moth,https://en.wikinews.org/wiki/Entomological_Society_of_America_renames_invasive_moth,"Tuesday, March 8, 2022",Environment; Science and technology,22
32663,Mother seals fight gallantly for their pups,https://en.wikinews.org/wiki/Mother_seals_fight_gallantly_for_their_pups,"Tuesday, February 7, 2006",Environment,8
87902,WHO says spread of Bird Flu among humans limited,https://en.wikinews.org/wiki/WHO_says_spread_of_Bird_Flu_among_humans_limited,"Saturday, December 22, 2007",Environment; Health,23
2956718,"Polyurethane plastic substitute can biodegrade in seawater, say scientists","https://en.wikinews.org/wiki/Polyurethane_plastic_substitute_can_biodegrade_in_seawater,_say_scientists","Tuesday, September 27, 2022",Environment; Science and technology,12
51653,US Nationwide Pollution Permit Restrictions Upheld,https://en.wikinews.org/wiki/US_Nationwide_Pollution_Permit_Restrictions_Upheld,"Wednesday, October 4, 2006",Environment,8
22143,Hurricane Ophelia hits U.S. East Coast,https://en.wikinews.org/wiki/Hurricane_Ophelia_hits_U.S._East_Coast,"Friday, September 16, 2005",Environment,6
